{"cameraMode":{"drawMode":0,"name":"Shaded","section":"Shading Mode"},"sceneLighting":true,"audioPlay":false,"sceneViewState":{"showFog":true,"showMaterialUpdate":false,"showSkybox":true,"showFlares":true,"showImageEffects":true,"showParticleSystems":true},"in2DMode":false,"pivot":{"x":-19.37045669555664,"y":6.25044059753418,"z":8.962215423583985},"rotation":{"x":-0.06271181255578995,"y":0.9354533553123474,"z":-0.2743794023990631,"w":-0.2138058990240097},"size":15.723856925964356,"orthographic":false}