{"cameraMode":{"drawMode":0,"name":"Shaded","section":"Shading Mode"},"sceneLighting":false,"audioPlay":false,"sceneViewState":{"showFog":true,"showMaterialUpdate":false,"showSkybox":false,"showFlares":true,"showImageEffects":true,"showParticleSystems":true},"in2DMode":false,"pivot":{"x":-15.0,"y":1.1129999160766602,"z":-29.15999984741211},"rotation":{"x":-0.008656411431729794,"y":0.9561454057693481,"z":-0.2913859188556671,"w":-0.028404919430613519},"size":4.973206043243408,"orthographic":false}