{"cameraMode":{"drawMode":0,"name":"Shaded","section":"Shading Mode"},"sceneLighting":false,"audioPlay":false,"sceneViewState":{"showFog":true,"showMaterialUpdate":false,"showSkybox":false,"showFlares":true,"showImageEffects":true,"showParticleSystems":true},"in2DMode":false,"pivot":{"x":-3.257524013519287,"y":-3.4840803146362306,"z":2.485772132873535},"rotation":{"x":-0.3073411285877228,"y":0.1998371183872223,"z":-0.06618157029151917,"w":-0.9280239343643189},"size":7.202898025512695,"orthographic":false}