{"cameraMode":{"drawMode":0,"name":"Shaded","section":"Shading Mode"},"sceneLighting":false,"audioPlay":false,"sceneViewState":{"showFog":true,"showMaterialUpdate":false,"showSkybox":false,"showFlares":true,"showImageEffects":true,"showParticleSystems":true},"in2DMode":false,"pivot":{"x":-0.09054458141326904,"y":1.3209733963012696,"z":-0.5274684429168701},"rotation":{"x":-0.00162961904425174,"y":0.982117235660553,"z":-0.18817833065986634,"w":-0.008544038981199265},"size":1.5916985273361207,"orthographic":false}