{"cameraMode":{"drawMode":0,"name":"Shaded","section":"Shading Mode"},"sceneLighting":false,"audioPlay":false,"sceneViewState":{"showFog":true,"showMaterialUpdate":false,"showSkybox":false,"showFlares":true,"showImageEffects":true,"showParticleSystems":true},"in2DMode":false,"pivot":{"x":-16.184982299804689,"y":1.1051812171936036,"z":-29.630687713623048},"rotation":{"x":0.07192666083574295,"y":0.9094339609146118,"z":-0.3693796694278717,"w":0.17707189917564393},"size":1.6653845310211182,"orthographic":false}