{"cameraMode":{"drawMode":0,"name":"Shaded","section":"Shading Mode"},"sceneLighting":false,"audioPlay":false,"sceneViewState":{"showFog":true,"showMaterialUpdate":false,"showSkybox":false,"showFlares":true,"showImageEffects":true,"showParticleSystems":true},"in2DMode":false,"pivot":{"x":0.3895721435546875,"y":-0.5591106414794922,"z":3.9979019165039064},"rotation":{"x":-0.47379618883132937,"y":0.34246453642845156,"z":-0.2068272829055786,"w":-0.7845122218132019},"size":10.0,"orthographic":false}