{"cameraMode":{"drawMode":0,"name":"Shaded","section":"Shading Mode"},"sceneLighting":false,"audioPlay":false,"sceneViewState":{"showFog":true,"showMaterialUpdate":false,"showSkybox":false,"showFlares":true,"showImageEffects":true,"showParticleSystems":true},"in2DMode":false,"pivot":{"x":0.00359266996383667,"y":1.0992356538772584,"z":0.0},"rotation":{"x":0.16570767760276795,"y":0.47805389761924746,"z":-0.09226042777299881,"w":0.8576436042785645},"size":1.8504431247711182,"orthographic":false}