{"cameraMode":{"drawMode":0,"name":"Shaded","section":"Shading Mode"},"sceneLighting":false,"audioPlay":false,"sceneViewState":{"showFog":true,"showMaterialUpdate":false,"showSkybox":false,"showFlares":true,"showImageEffects":true,"showParticleSystems":true},"in2DMode":false,"pivot":{"x":2.783151626586914,"y":-3.049253463745117,"z":3.194526195526123},"rotation":{"x":-0.5455379486083984,"y":-0.040947310626506808,"z":0.02669934742152691,"w":-0.8366600275039673},"size":9.38258171081543,"orthographic":false}