{"cameraMode":{"drawMode":0,"name":"Shaded","section":"Shading Mode"},"sceneLighting":false,"audioPlay":false,"sceneViewState":{"showFog":true,"showMaterialUpdate":false,"showSkybox":false,"showFlares":true,"showImageEffects":true,"showParticleSystems":true},"in2DMode":false,"pivot":{"x":-1.864329218864441,"y":0.28263282775878909,"z":1.010549545288086},"rotation":{"x":-0.5673153400421143,"y":0.011607890948653221,"z":-0.007998986169695855,"w":-0.8233820796012878},"size":14.592292785644532,"orthographic":false}