{"cameraMode":{"drawMode":0,"name":"Shaded","section":"Shading Mode"},"sceneLighting":false,"audioPlay":false,"sceneViewState":{"showFog":true,"showMaterialUpdate":false,"showSkybox":false,"showFlares":true,"showImageEffects":true,"showParticleSystems":true},"in2DMode":false,"pivot":{"x":-13.980002403259278,"y":0.5525906085968018,"z":-30.17192840576172},"rotation":{"x":-0.5793836712837219,"y":-0.10751625895500183,"z":0.07745740562677384,"w":-0.804213285446167},"size":0.8215123414993286,"orthographic":false}