{"cameraMode":{"drawMode":0,"name":"Shaded","section":"Shading Mode"},"sceneLighting":false,"audioPlay":false,"sceneViewState":{"showFog":true,"showMaterialUpdate":false,"showSkybox":false,"showFlares":true,"showImageEffects":true,"showParticleSystems":true},"in2DMode":false,"pivot":{"x":2.0218684673309328,"y":-1.588620662689209,"z":1.523730993270874},"rotation":{"x":-0.6330869197845459,"y":0.123062364757061,"z":-0.10288046300411225,"w":-0.757281482219696},"size":9.386784553527832,"orthographic":false}