{"cameraMode":{"drawMode":0,"name":"Shaded","section":"Shading Mode"},"sceneLighting":true,"audioPlay":false,"sceneViewState":{"showFog":true,"showMaterialUpdate":false,"showSkybox":true,"showFlares":true,"showImageEffects":true,"showParticleSystems":true},"in2DMode":false,"pivot":{"x":-13.085993766784668,"y":-1.3737115859985352,"z":-17.833410263061525},"rotation":{"x":0.24218353629112245,"y":0.3227733075618744,"z":-0.08571669459342957,"w":0.9109756350517273},"size":5.149900436401367,"orthographic":false}