{"cameraMode":{"drawMode":0,"name":"Shaded","section":"Shading Mode"},"sceneLighting":false,"audioPlay":false,"sceneViewState":{"showFog":true,"showMaterialUpdate":false,"showSkybox":false,"showFlares":true,"showImageEffects":true,"showParticleSystems":true},"in2DMode":false,"pivot":{"x":0.006284236907958984,"y":0.8456677198410034,"z":-0.000959932804107666},"rotation":{"x":-0.010068176314234734,"y":-0.9796698689460754,"z":0.1938091367483139,"w":-0.05088377743959427},"size":1.4917818307876588,"orthographic":false}