{"cameraMode":{"drawMode":0,"name":"Shaded","section":"Shading Mode"},"sceneLighting":false,"audioPlay":false,"sceneViewState":{"showFog":true,"showMaterialUpdate":false,"showSkybox":false,"showFlares":true,"showImageEffects":true,"showParticleSystems":true},"in2DMode":false,"pivot":{"x":0.2142900675535202,"y":0.8453190326690674,"z":0.8005473613739014},"rotation":{"x":-0.176070898771286,"y":-0.05843847244977951,"z":0.010471310466527939,"w":-0.9825930595397949},"size":1.8212268352508546,"orthographic":false}