{"cameraMode":{"drawMode":0,"name":"Shaded","section":"Shading Mode"},"sceneLighting":true,"audioPlay":false,"sceneViewState":{"showFog":true,"showMaterialUpdate":false,"showSkybox":true,"showFlares":true,"showImageEffects":true,"showParticleSystems":true},"in2DMode":false,"pivot":{"x":94.0816421508789,"y":-111.87699890136719,"z":-66.48377990722656},"rotation":{"x":0.20779788494110108,"y":0.7382929921150208,"z":-0.26181560754776,"w":0.5858655571937561},"size":144.35302734375,"orthographic":false}