{"cameraMode":{"drawMode":0,"name":"Shaded","section":"Shading Mode"},"sceneLighting":true,"audioPlay":false,"sceneViewState":{"showFog":true,"showMaterialUpdate":false,"showSkybox":true,"showFlares":true,"showImageEffects":true,"showParticleSystems":true},"in2DMode":false,"pivot":{"x":6.700683116912842,"y":0.30083465576171877,"z":-14.28600025177002},"rotation":{"x":-0.2213132381439209,"y":0.2306007444858551,"z":-0.053947966545820239,"w":-0.9460170865058899},"size":6.150201320648193,"orthographic":false}