{"cameraMode":{"drawMode":0,"name":"Shaded","section":"Shading Mode"},"sceneLighting":false,"audioPlay":false,"sceneViewState":{"showFog":true,"showMaterialUpdate":false,"showSkybox":false,"showFlares":true,"showImageEffects":true,"showParticleSystems":true},"in2DMode":false,"pivot":{"x":1.544869303703308,"y":-3.3719704151153566,"z":-5.837551116943359},"rotation":{"x":-0.02275608479976654,"y":-0.9511612057685852,"z":0.2992481291294098,"w":-0.07232535630464554},"size":6.103119373321533,"orthographic":false}