{"cameraMode":{"drawMode":0,"name":"Shaded","section":"Shading Mode"},"sceneLighting":false,"audioPlay":false,"sceneViewState":{"showFog":true,"showMaterialUpdate":false,"showSkybox":false,"showFlares":true,"showImageEffects":true,"showParticleSystems":true},"in2DMode":false,"pivot":{"x":-0.000007033348083496094,"y":1.1051812171936036,"z":-0.02385634183883667},"rotation":{"x":-0.2770993113517761,"y":-0.015280294232070446,"z":0.004406692925840616,"w":-0.9607164263725281},"size":1.5212270021438599,"orthographic":false}