{"cameraMode":{"drawMode":0,"name":"Shaded","section":"Shading Mode"},"sceneLighting":true,"audioPlay":false,"sceneViewState":{"showFog":true,"showMaterialUpdate":false,"showSkybox":true,"showFlares":true,"showImageEffects":true,"showParticleSystems":true},"in2DMode":false,"pivot":{"x":7.999259948730469,"y":-0.21630096435546876,"z":-30.58169174194336},"rotation":{"x":-0.1814950704574585,"y":-0.7723352909088135,"z":0.25321152806282046,"w":-0.5535875558853149},"size":20.25977325439453,"orthographic":false}