{"cameraMode":{"drawMode":0,"name":"Shaded","section":"Shading Mode"},"sceneLighting":false,"audioPlay":false,"sceneViewState":{"showFog":true,"showMaterialUpdate":false,"showSkybox":false,"showFlares":true,"showImageEffects":true,"showParticleSystems":true},"in2DMode":false,"pivot":{"x":0.6527843475341797,"y":-1.0621957778930665,"z":-0.2457122802734375},"rotation":{"x":-0.23372811079025269,"y":0.411565899848938,"z":-0.11006273329257965,"w":-0.8740018010139465},"size":2.609321355819702,"orthographic":false}